first image,second image
438.webp,472.webp
447.webp,479.webp
457.webp,489.webp
453.webp,485.webp
449.webp,481.webp
444.webp,477.webp
460.webp,492.webp
455.webp,487.webp
428.webp,462.webp
439.webp,473.webp
459.webp,491.webp
434.webp,468.webp
433.webp,467.webp
437.webp,471.webp
435.webp,469.webp
440.webp,474.webp
442.webp,475.webp
461.webp,493.webp
451.webp,483.webp
458.webp,490.webp
436.webp,470.webp
450.webp,482.webp
443.webp,476.webp
456.webp,488.webp
552.webp,554.webp
448.webp,480.webp
452.webp,484.webp
431.webp,465.webp
430.webp,464.webp
445.webp,478.webp
454.webp,486.webp
432.webp,466.webp